{
    "camera": {
        "aperature": 0.10000000149011612,
        "focus_dist": 80.0,
        "fov": 40.0,
        "look_at": {
            "x": 27.799999237060547,
            "y": 27.799999237060547,
            "z": 0.0
        },
        "look_from": {
            "x": 27.799999237060547,
            "y": 27.799999237060547,
            "z": -80.0
        },
        "move_dir": {
            "x": 0.0,
            "y": 0.0,
            "z": 0.0
        },
        "time0": 0.0,
        "time1": 1.0,
        "type": "flycam",
        "v_up": {
            "x": 0.0,
            "y": 1.0,
            "z": 0.0
        }
    },
    "objects": [
        {
            "extents": {
                "x": 10.0,
                "y": 10.0,
                "z": 10.0
            },
            "material": {
                "fuzz": 0.699999988079071,
                "texture": {
                    "color": {
                        "x": 0.800000011920929,
                        "y": 0.10000000149011612,
                        "z": 0.800000011920929
                    },
                    "type": "solid_color"
                },
                "type": "metal"
            },
            "name": "Box2",
            "transform": {
                "rotation": {
                    "x": 0.0,
                    "y": 12.0,
                    "z": 0.0
                },
                "translation": {
                    "x": 10.0,
                    "y": 5.0,
                    "z": 10.0
                }
            },
            "type": "box"
        },
        {
            "extents": {
                "x": 16.5,
                "y": 33.0,
                "z": 16.5
            },
            "material": {
                "texture": {
                    "color": {
                        "x": 0.7300000190734863,
                        "y": 0.7300000190734863,
                        "z": 0.7300000190734863
                    },
                    "type": "solid_color"
                },
                "type": "lambertian"
            },
            "name": "Box1",
            "transform": {
                "rotation": {
                    "x": 0.0,
                    "y": 15.0,
                    "z": 0.0
                },
                "translation": {
                    "x": 40.0,
                    "y": 16.5,
                    "z": 40.0
                }
            },
            "type": "box"
        },
        {
            "height": 55.5,
            "material": {
                "texture": {
                    "color": {
                        "x": 2.0,
                        "y": 2.0,
                        "z": 2.0
                    },
                    "type": "solid_color"
                },
                "type": "diffuse_light"
            },
            "name": "leftWall",
            "transform": {
                "rotation": {
                    "x": 0.0,
                    "y": 0.0,
                    "z": 90.0
                },
                "translation": {
                    "x": 55.5,
                    "y": 27.75,
                    "z": 27.75
                }
            },
            "type": "plane",
            "width": 55.5
        }
    ],
    "settings": {
        "background_color": {
            "x": 0.0,
            "y": 0.0,
            "z": 0.0
        },
        "max_depth": 10,
        "num_samples": 1
    }
}
